Path,Label,Note
DSC_2701.JPG,1,
DSC_2702.JPG,1,
DSC_2703.JPG,2,
DSC_2704.JPG,2,
DSC_2706.JPG,2,
DSC_2707.JPG,2,
DSC_2708.JPG,6,
DSC_2709.JPG,6,
DSC_2710.JPG,1,
DSC_2711.JPG,3,
DSC_2712.JPG,3,
DSC_2713.JPG,1,
DSC_2714.JPG,3,
DSC_2715.JPG,3,
DSC_2716.JPG,4,
DSC_2717.JPG,4,
DSC_2718.JPG,4,
DSC_2719.JPG,4,
DSC_2720.JPG,4,
DSC_2721.JPG,5,
DSC_2722.JPG,5,
DSC_2723.JPG,5,
DSC_2724.JPG,4,
DSC_2725.JPG,4,
DSC_2726.JPG,6,
DSC_2727.JPG,1,
DSC_2728.JPG,1,
DSC_2729.JPG,1,
DSC_2730.JPG,6,?
DSC_2735.JPG,7,
DSC_2736.JPG,7,
IMG_9263.jpg,3,?
IMG_9267.jpg,2,
IMG_9272.jpg,2,
IMG_9279.jpg,2,
IMG_9283.jpg,2,
IMG_9286.jpg,6,
IMG_9290.jpg,2,
IMG_9293.jpg,2,
IMG_9294.jpg,2,
IMG_9296.jpg,2,
IMG_9299.jpg,2,
IMG_9303.jpg,1,
IMG_9306.jpg,1,"1,2"
IMG_9308.jpg,2,
IMG_9311.jpg,2,
IMG_9312.jpg,2,
IMG_9315.jpg,2,
IMG_9320.jpg,8,
IMG_9321.jpg,4,?
IMG_9322.jpg,2,
IMG_9325.jpg,2,?
IMG_9326.jpg,2,
IMG_9329.jpg,4,?
IMG_9330.jpg,9,
IMG_9331.jpg,0,
IMG_9335.jpg,5,
IMG_9336.jpg,5,
IMG_9337.jpg,5,
IMG_9338.jpg,5,
IMG_9339.jpg,5,
IMG_9340.jpg,5,
IMG_9341.jpg,5,
IMG_9342.jpg,5,
IMG_9343.jpg,5,
IMG_9344.jpg,5,
IMG_9346.jpg,5,
IMG_9348.jpg,5,
IMG_9349.jpg,5,
IMG_9350.jpg,5,
IMG_9352.jpg,5,
IMG_9353.jpg,5,
IMG_9354.jpg,5,
IMG_9355.jpg,5,
IMG_9356.jpg,1,
IMG_9357.jpg,1,
IMG_9360.jpg,1,
IMG_9364.jpg,6,
IMG_9369.jpg,6,
IMG_9370.jpg,1,
IMG_9373.jpg,1,
IMG_9374.jpg,1,
IMG_9377.jpg,6,
IMG_9378.jpg,4,
IMG_9379.jpg,6,
IMG_9382.jpg,1,?
IMG_9384.jpg,1,
IMG_9385.jpg,1,
IMG_9386.jpg,10,
IMG_9388.jpg,5,
IMG_9389.jpg,5,
IMG_9390.jpg,1,
IMG_9395.jpg,6,
IMG_9398.jpg,5,
IMG_9403.jpg,10,
IMG_9404.jpg,10,
IMG_9405.jpg,10,
IMG_9406.jpg,10,
IMG_9407.jpg,10,
IMG_9408.jpg,4,
IMG_9409.jpg,3,
IMG_9410.jpg,3,
IMG_9414.jpg,3,
IMG_9415.jpg,3,
IMG_9416.jpg,3,
IMG_9417.jpg,3,
IMG_9418.jpg,4,
IMG_9419.jpg,4,
IMG_9420.jpg,4,
IMG_9421.jpg,3,
IMG_9422.jpg,11,
IMG_9423.jpg,11,
IMG_9424.jpg,11,
IMG_9425.jpg,11,
IMG_9426.jpg,11,
IMG_9427.jpg,11,
IMG_9428.jpg,11,
IMG_9429.jpg,11,
IMG_9430.jpg,11,
IMG_9432.jpg,3,
IMG_9433.jpg,3,
IMG_9435.jpg,5,
